-- phpMyAdmin SQL Dump
-- version 3.5.2.2
-- http://www.phpmyadmin.net
--
-- Host: 127.0.0.1
-- Generation Time: Nov 30, 2013 at 04:46 AM
-- Server version: 5.5.27
-- PHP Version: 5.4.7

SET SQL_MODE="NO_AUTO_VALUE_ON_ZERO";
SET time_zone = "+00:00";


/*!40101 SET @OLD_CHARACTER_SET_CLIENT=@@CHARACTER_SET_CLIENT */;
/*!40101 SET @OLD_CHARACTER_SET_RESULTS=@@CHARACTER_SET_RESULTS */;
/*!40101 SET @OLD_COLLATION_CONNECTION=@@COLLATION_CONNECTION */;
/*!40101 SET NAMES utf8 */;

--
-- Database: `projectwork`
--

-- --------------------------------------------------------

--
-- Table structure for table `atribut`
--

CREATE TABLE IF NOT EXISTS `atribut` (
  `id_atribut` int(11) NOT NULL AUTO_INCREMENT,
  `atribut_type` varchar(20) NOT NULL,
  `atribut_value` varchar(50) NOT NULL,
  PRIMARY KEY (`id_atribut`)
) ENGINE=InnoDB DEFAULT CHARSET=latin1 AUTO_INCREMENT=1 ;

-- --------------------------------------------------------

--
-- Table structure for table `forum`
--

CREATE TABLE IF NOT EXISTS `forum` (
  `id_forum` int(11) NOT NULL AUTO_INCREMENT,
  `id_user` int(11) NOT NULL,
  `forum_name` varchar(100) NOT NULL,
  `forum_content` text NOT NULL,
  `date` datetime NOT NULL,
  PRIMARY KEY (`id_forum`)
) ENGINE=InnoDB  DEFAULT CHARSET=latin1 AUTO_INCREMENT=4 ;

--
-- Dumping data for table `forum`
--

INSERT INTO `forum` (`id_forum`, `id_user`, `forum_name`, `forum_content`, `date`) VALUES
(1, 1, 'Hello word', 'Hello Indonesia!!', '2013-11-26 14:23:24'),
(2, 1, 'asd', 'ddd', '2013-11-26 14:44:11'),
(3, 7, 'Belajar JQuery Paralax', 'Mengenai Jquery Paralax dengan event mouseMove,.!!<br>ada yang bisa,.?', '2013-11-27 08:26:13');

-- --------------------------------------------------------

--
-- Table structure for table `html`
--

CREATE TABLE IF NOT EXISTS `html` (
  `id_html` int(11) NOT NULL AUTO_INCREMENT,
  `html_name` varchar(50) NOT NULL,
  `html_about` text NOT NULL,
  `html_image` varchar(100) NOT NULL,
  `html` text NOT NULL,
  `css` text NOT NULL,
  `js` text NOT NULL,
  `date` datetime NOT NULL,
  `id_user` int(11) NOT NULL,
  PRIMARY KEY (`id_html`)
) ENGINE=InnoDB  DEFAULT CHARSET=latin1 AUTO_INCREMENT=24 ;

--
-- Dumping data for table `html`
--

INSERT INTO `html` (`id_html`, `html_name`, `html_about`, `html_image`, `html`, `css`, `js`, `date`, `id_user`) VALUES
(11, 'Putaran Bunga', 'Bunga yang dapat berputar', '13853631203.png', '<body>\r\n  <div id="sweet">\r\n    <div class="intro">\r\n      <div class="outro">\r\n        <div class="intro">\r\n          <div class="outro">\r\n            <div class="intro">\r\n              <div class="outro">\r\n                <div class="intro">\r\n                  <div class="outro">\r\n                    <div class="intro">\r\n                      <div class="outro">\r\n                        <div class="intro">\r\n                          <div class="outro">\r\n                            <div class="intro">\r\n                              <div class="outro">\r\n                                <div class="intro">\r\n                                  <div class="outro">\r\n                                    <div class="intro">\r\n                                      <div class="outro">\r\n                                        <div class="intro">\r\n                                          <div class="outro">\r\n                                            <div class="intro">\r\n                                            </div>\r\n                                          </div>\r\n                                        </div>\r\n                                      </div>\r\n                                    </div>\r\n                                  </div>\r\n                                </div>\r\n                              </div>\r\n                            </div>\r\n                          </div>\r\n                        </div>    \r\n                      </div>      \r\n                    </div>        \r\n                  </div>\r\n                </div>\r\n              </div>\r\n            </div>\r\n          </div>\r\n        </div>\r\n      </div>\r\n    </div>\r\n  </div>\r\n</body>', '#sweet {\r\n	position: absolute;\r\n	margin: 0px 25%;\r\n  	top:50px;\r\n}\r\n\r\n.intro {\r\n	background-color: #fff;\r\n	border: 2px dotted #f46;\r\n	box-shadow: 0 0 18px hsla(0,0%,0%,.5);\r\n	width: auto;\r\n	height: auto;\r\n	-webkit-animation: round 4.5s linear infinite;\r\n  animation: round 4.5s linear infinite;\r\n	transition: border-radius 0.3s linear;\r\n}\r\n\r\n.outro {\r\n	background-color: #1f1f24;\r\n	margin: 0px;\r\n	border: 5px solid #c16;\r\n	border-radius: 0px;\r\n	width: auto;\r\n	height: auto;\r\n	box-shadow: 0 0 18px hsla(0,0%,0%,.5);\r\n	-webkit-animation: rounddd 8s linear infinite;\r\n  animation: rounddd 8s linear infinite;\r\n	transition: border-radius 0.3s linear;\r\n}\r\n\r\n.outro:hover {\r\n  border-radius: 40%; \r\n}\r\n\r\n@-webkit-keyframes round {\r\n0% {-webkit-transform: rotate(720deg);\r\n	transform: rotate(720deg);\r\n}\r\n\r\n100% {-webkit-transform: rotate(360deg);\r\n	  transform: rotate(360deg);\r\n}\r\n}\r\n\r\n@-webkit-keyframes rounddd {\r\n0% {-webkit-transform: rotate(0deg);;\r\n	transform: rotate(0deg);\r\n}\r\n  \r\n100% {-webkit-transform: rotate(720deg);\r\n	  transform: rotate(720deg);\r\n}\r\n}', '', '2013-11-25 08:05:20', 1),
(12, 'Css Dropdown', 'Membuat Css Dropdown dengan Css', '13853632104.png', '<nav>\r\n		<ul class="menu">\r\n			<li><a href="#">Home</a></li>\r\n			<li><a href="#"><span>About</span></a>\r\n				<ul class="menu-hover">\r\n					<li><a href="#"> About-hover</a></li>\r\n					<li><a href="#"> About-hover</a></li>\r\n					<li><a href="#"> About-hover</a></li>\r\n					<li><a href="#"> About-hover</a></li>\r\n				</ul>\r\n			</li>\r\n			<li><a href="#">News</a></li>\r\n			<li><a href="#">Contact</a></li>\r\n		</ul>\r\n	</nav>', '*{\r\nmargin: 0;\r\npadding: 0;\r\n}\r\n\r\nnav{\r\nposition:relative;\r\ntext-align: center;\r\npadding-top: 50px;\r\nmargin:0px 20%;\r\n}\r\n\r\n.menu li{\r\nlist-style: none;\r\nfloat: left;\r\nposition: relative;\r\nheight: 40px;\r\n}\r\n\r\n.menu>li{\r\nbackground-color: #a82222;\r\nbackground-image: -webkit-linear-gradient(#a82222, #670000);\r\nbackground-image: -moz-linear-gradient(#a82222, #670000);\r\nbackground-image: -o-linear-gradient(#a82222, #670000);\r\nbackground-image: linear-gradient(#a82222, #670000);\r\nborder-left: 1px solid #5f5f5f;\r\nborder-right: 1px solid #7e0000;\r\n-webkit-transition: all 0.2s ease-in-out;\r\n-moz-transition: all 0.2s ease-in-out;\r\n-o-transition: all 0.2s ease-in-out;\r\ntransition: all 0.2s ease-in-out; \r\n}\r\n\r\n.menu li:first-child{\r\nborder-radius: 3px 0px 0px 3px;\r\nborder-left: none;\r\n}\r\n\r\n .menu li:last-child{\r\nborder-radius: 0px 3px 3px 0px;\r\n border-right: none;\r\n }\r\n\r\n.menu a{\r\ndisplay: block;\r\ntext-decoration: none;\r\ncolor: white;\r\ntext-transform: uppercase;\r\npadding: 0 20px;\r\nfont-family: ''Verdana'', arial;\r\nmargin: 0;\r\nposition: relative;\r\nfont-size: 12px;\r\nline-height: 40px;\r\n}\r\n\r\n.menu li:hover{\r\n-webkit-box-shadow: inset 0 0 10px #470000;\r\n-moz-box-shadow: inset 0 0 10px #470000;\r\nbox-shadow: inset 0 0 10px #470000;\r\nbackground-color: #a82222;\r\nbackground-image: -webkit-linear-gradient(#911212, #670000);\r\nbackground-image: -moz-linear-gradient(#911212, #670000);\r\nbackground-image: -o-linear-gradient(#911212, #670000);\r\nbackground-image: linear-gradient(#911212, #670000);\r\n}\r\n\r\n.menu li:hover span:after{\r\n-webkit-transform: rotate(180deg);\r\n-moz-transform: rotate(180deg);\r\ntransform: rotate(180deg);\r\n}\r\n\r\nul.menu-hover{\r\nvisibility: hidden;\r\nposition: absolute;\r\ntop:100%;\r\nopacity: 0;\r\nheight: 0;\r\nwidth: 150px;\r\n-webkit-transition: all 0.3s ease-in-out;\r\n-moz-transition: all 0.3s ease-in-out;\r\n-o-transition: all 0.3s ease-in-out;\r\ntransition: all 0.3s ease-in-out;\r\n}\r\n\r\n.menu li:hover .menu-hover{\r\nvisibility: visible;\r\nheight: 100%;\r\nopacity: 1;\r\n}\r\n\r\n.menu-hover li{\r\nheight: 100%;\r\nborder-bottom: 1px solid #696969;\r\nbackground-color: #2a2a2a;\r\nborder-left: none;\r\nborder-right: none;\r\n}\r\n\r\n.menu-hover li:hover{\r\nbackground-image: -webkit-linear-gradient(#2a2a2a, #434343);\r\nbackground-image: -moz-linear-gradient(#2a2a2a, #434343);\r\nbackground-image: -o-linear-gradient(#2a2a2a, #434343);\r\nbackground-image: linear-gradient(#2a2a2a, #434343);\r\nbox-shadow: none;\r\n}\r\n\r\n.menu-hover a{\r\ncolor: white;\r\n}\r\n\r\n.menu a span:after{\r\ncontent: "";\r\nborder-left: 3px solid transparent;\r\nborder-right: 3px solid transparent;\r\nborder-bottom: 3px solid white;\r\nposition: absolute;\r\ntop: 30px;\r\nright: 35px;\r\n\r\n-webkit-transition: all 0.2s ease-in-out;\r\n-moz-transition: all 0.2s ease-in-out;\r\n-o-transition: all 0.2s ease-in-out;\r\ntransition: all 0.2s ease-in-out; \r\n}\r\n\r\n.menu-hover li:first-child, .menu-hover li:last-child{\r\nborder-radius: 0;\r\n}\r\n\r\n.menu a:after {\r\n    background: rgba(255,255,255,.07);\r\n    content: "";\r\n    height: 20px;\r\n    left: 0;\r\n    position: absolute;\r\n    width: 100%;\r\n}\r\n', '', '2013-11-25 08:06:50', 1),
(15, 'Doodle Jump', 'Doodle Jump Versi HTML 5 ini adalah game yang berjalan di browser', '1385345291wallpaper-547.jpg', '<!DOCTYPE HTML>\r\n<html lang="en-US">\r\n<head>\r\n	<title>Jump</title>\r\n</head>\r\n<body>\r\n	<div class="container">\r\n		<canvas id="canvas">\r\n			Aww, your browser doesn''t support HTML5!\r\n		</canvas>\r\n\r\n		<div id="mainMenu">\r\n			<h1>doodle jump</h1>\r\n			<h3>using HTML5</h3>\r\n\r\n			<p class="info">\r\n				use\r\n				<span class="key left">?</span>\r\n				<span class="key right">?</span>\r\n				to move and space to (re) start...\r\n			</p>\r\n			<a class="button" href="javascript:init()">Play</a>\r\n		</div>\r\n		\r\n		<div id="gameOverMenu">\r\n			<h1>game over!</h1>\r\n			<h3 id="go_score">you scored 0 points</h3>\r\n\r\n			<a class="button" href="javascript:reset()">Restart</a>\r\n			<a id="tweetBtn" target="_blank" class="button tweet" href="#">Tweet score</a>\r\n\r\n			<a id="fbBtn" target="_blank" class="button fb" href="#">Post on FB</a>\r\n		</div>\r\n		\r\n		\r\n		<!-- Preloading image ;) -->\r\n		<img id="sprite" src="http://localhost/projectwork/assets/image/2WEhF.png"/>\r\n\r\n		<div id="scoreBoard">\r\n			<p id="score">0</p>\r\n		</div>\r\n\r\n	</div>\r\n</body>\r\n</html>	', '@import url(http://fonts.googleapis.com/css?family=Gloria+Hallelujah);\r\n\r\n*{box-sizing: border-box;}\r\n\r\nbody {\r\n	margin: 0; padding: 0;\r\n	font-family: ''Gloria Hallelujah'', cursive;\r\n}\r\n\r\n.container {\r\n	height: 552px;\r\n	width: 422px;\r\n	position: relative;\r\n	margin: 20px auto 0; \r\n	overflow: hidden;\r\n}\r\n\r\ncanvas {\r\n	height: 552px;\r\n	width: 422px;\r\n	display: block;\r\n	background: url(http://localhost/projectwork/assets/image/Y0BMP.png) top left;\r\n}\r\n\r\n#scoreBoard {\r\n	width: 420px;\r\n	height: 50px;\r\n	background: rgba(182, 200, 220, 0.7);\r\n	position: absolute;\r\n	top: -3px;\r\n	left: 0;\r\n	z-index: -1;	\r\n	border-image: url(http://i.imgur.com/5BBsR.png) 100 5 round;\r\n}\r\n\r\n#scoreBoard p {\r\n	font-size: 20px;\r\n	padding: 0;\r\n	line-height: 47px;\r\n	margin: 0px 0 0 5px;\r\n}\r\n\r\nimg {display: none}\r\n\r\n#mainMenu, #gameOverMenu {\r\n	height: 100%;\r\n	width: 100%;\r\n	text-align: center;\r\n	position: absolute;\r\n	top: 0;\r\n	left: 0;\r\n	z-index: 2;\r\n}\r\n\r\n#gameOverMenu {\r\n	visibility: hidden;\r\n}\r\n\r\nh2, h3, h1 {font-weight: normal}\r\nh1 {\r\n	font-size: 60px; \r\n	color: #5a5816; \r\n	transform: rotate(-10deg);\r\n	margin: 0px;\r\n}\r\n\r\nh3 {text-align: right; margin: -10px 20px 0 0; color: #5e96be}\r\nh3 a {color: #5a5816}\r\n\r\n.button {\r\n	width: 105px;\r\n	height: 31px;\r\n	background: url(http://localhost/projectwork/assets/image/2WEhF.png) 0 0 no-repeat;\r\n	display: block;\r\n	color:  #000;\r\n	font-size: 12px;\r\n	line-height: 31px;\r\n	text-decoration: none;\r\n	position: absolute;\r\n	left: 50%;\r\n	bottom: 50px;\r\n	margin-left: -53px;\r\n}\r\n\r\n.button.tweet {bottom: 100px; background-position: 0 -90px}\r\n.button.fb {bottom: 150px; background-position: 0 -60px}\r\n\r\n.info {position: absolute; right: 20px; bottom: 00px; margin: 0; color: green}\r\n\r\n.info .key {\r\n	width: 16px;\r\n	height: 16px;\r\n	background: url(http://localhost/projectwork/assets/image/2WEhF.png) no-repeat;\r\n	text-indent: -9999px;\r\n	display: inline-block;\r\n}\r\n\r\n.info .key.left {background-position: -92px -621px;}\r\n.info .key.right {background-position: -92px -641px;}', '// RequestAnimFrame: a browser API for getting smooth animations\r\nwindow.requestAnimFrame = (function() {\r\n	return window.requestAnimationFrame || window.webkitRequestAnimationFrame || window.mozRequestAnimationFrame || window.oRequestAnimationFrame || window.msRequestAnimationFrame ||\r\n	function(callback) {\r\n		window.setTimeout(callback, 1000 / 60);\r\n	};\r\n})();\r\n\r\nvar canvas = document.getElementById(''canvas''),\r\n	ctx = canvas.getContext(''2d'');\r\n\r\nvar width = 422,\r\n	height = 552;\r\n\r\ncanvas.width = width;\r\ncanvas.height = height;\r\n\r\n//Variables for game\r\nvar platforms = [],\r\n	image = document.getElementById("sprite"),\r\n	player, platformCount = 10,\r\n	position = 0,\r\n	gravity = 0.2,\r\n	animloop,\r\n	flag = 0,\r\n	menuloop, broken = 0,\r\n	dir, score = 0, firstRun = true;\r\n\r\n//Base object\r\nvar Base = function() {\r\n	this.height = 5;\r\n	this.width = width;\r\n\r\n	//Sprite clipping\r\n	this.cx = 0;\r\n	this.cy = 614;\r\n	this.cwidth = 100;\r\n	this.cheight = 5;\r\n\r\n	this.moved = 0;\r\n\r\n	this.x = 0;\r\n	this.y = height - this.height;\r\n\r\n	this.draw = function() {\r\n		try {\r\n			ctx.drawImage(image, this.cx, this.cy, this.cwidth, this.cheight, this.x, this.y, this.width, this.height);\r\n		} catch (e) {}\r\n	};\r\n};\r\n\r\nvar base = new Base();\r\n\r\n//Player object\r\nvar Player = function() {\r\n	this.vy = 11;\r\n	this.vx = 0;\r\n\r\n	this.isMovingLeft = false;\r\n	this.isMovingRight = false;\r\n	this.isDead = false;\r\n\r\n	this.width = 55;\r\n	this.height = 40;\r\n\r\n	//Sprite clipping\r\n	this.cx = 0;\r\n	this.cy = 0;\r\n	this.cwidth = 110;\r\n	this.cheight = 80;\r\n\r\n	this.dir = "left";\r\n\r\n	this.x = width / 2 - this.width / 2;\r\n	this.y = height;\r\n\r\n	//Function to draw it\r\n	this.draw = function() {\r\n		try {\r\n			if (this.dir == "right") this.cy = 121;\r\n			else if (this.dir == "left") this.cy = 201;\r\n			else if (this.dir == "right_land") this.cy = 289;\r\n			else if (this.dir == "left_land") this.cy = 371;\r\n\r\n			ctx.drawImage(image, this.cx, this.cy, this.cwidth, this.cheight, this.x, this.y, this.width, this.height);\r\n		} catch (e) {}\r\n	};\r\n\r\n	this.jump = function() {\r\n		this.vy = -8;\r\n	};\r\n\r\n	this.jumpHigh = function() {\r\n		this.vy = -16;\r\n	};\r\n\r\n};\r\n\r\nplayer = new Player();\r\n\r\n//Platform class\r\n\r\nfunction Platform() {\r\n	this.width = 70;\r\n	this.height = 17;\r\n\r\n	this.x = Math.random() * (width - this.width);\r\n	this.y = position;\r\n\r\n	position += (height / platformCount);\r\n\r\n	this.flag = 0;\r\n	this.state = 0;\r\n\r\n	//Sprite clipping\r\n	this.cx = 0;\r\n	this.cy = 0;\r\n	this.cwidth = 105;\r\n	this.cheight = 31;\r\n\r\n	//Function to draw it\r\n	this.draw = function() {\r\n		try {\r\n\r\n			if (this.type == 1) this.cy = 0;\r\n			else if (this.type == 2) this.cy = 61;\r\n			else if (this.type == 3 && this.flag === 0) this.cy = 31;\r\n			else if (this.type == 3 && this.flag == 1) this.cy = 1000;\r\n			else if (this.type == 4 && this.state === 0) this.cy = 90;\r\n			else if (this.type == 4 && this.state == 1) this.cy = 1000;\r\n\r\n			ctx.drawImage(image, this.cx, this.cy, this.cwidth, this.cheight, this.x, this.y, this.width, this.height);\r\n		} catch (e) {}\r\n	};\r\n\r\n	//Platform types\r\n	//1: Normal\r\n	//2: Moving\r\n	//3: Breakable (Go through)\r\n	//4: Vanishable \r\n	//Setting the probability of which type of platforms should be shown at what score\r\n	if (score >= 5000) this.types = [2, 3, 3, 3, 4, 4, 4, 4];\r\n	else if (score >= 2000 && score < 5000) this.types = [2, 2, 2, 3, 3, 3, 3, 4, 4, 4, 4];\r\n	else if (score >= 1000 && score < 2000) this.types = [2, 2, 2, 3, 3, 3, 3, 3];\r\n	else if (score >= 500 && score < 1000) this.types = [1, 1, 1, 1, 1, 2, 2, 2, 2, 3, 3, 3, 3];\r\n	else if (score >= 100 && score < 500) this.types = [1, 1, 1, 1, 2, 2];\r\n	else this.types = [1];\r\n\r\n	this.type = this.types[Math.floor(Math.random() * this.types.length)];\r\n\r\n	//We can''t have two consecutive breakable platforms otherwise it will be impossible to reach another platform sometimes!\r\n	if (this.type == 3 && broken < 1) {\r\n		broken++;\r\n	} else if (this.type == 3 && broken >= 1) {\r\n		this.type = 1;\r\n		broken = 0;\r\n	}\r\n\r\n	this.moved = 0;\r\n	this.vx = 1;\r\n}\r\n\r\nfor (var i = 0; i < platformCount; i++) {\r\n	platforms.push(new Platform());\r\n}\r\n\r\n//Broken platform object\r\nvar Platform_broken_substitute = function() {\r\n	this.height = 30;\r\n	this.width = 70;\r\n\r\n	this.x = 0;\r\n	this.y = 0;\r\n\r\n	//Sprite clipping\r\n	this.cx = 0;\r\n	this.cy = 554;\r\n	this.cwidth = 105;\r\n	this.cheight = 60;\r\n\r\n	this.appearance = false;\r\n\r\n	this.draw = function() {\r\n		try {\r\n			if (this.appearance === true) ctx.drawImage(image, this.cx, this.cy, this.cwidth, this.cheight, this.x, this.y, this.width, this.height);\r\n			else return;\r\n		} catch (e) {}\r\n	};\r\n};\r\n\r\nvar platform_broken_substitute = new Platform_broken_substitute();\r\n\r\n//Spring Class\r\nvar spring = function() {\r\n	this.x = 0;\r\n	this.y = 0;\r\n\r\n	this.width = 26;\r\n	this.height = 30;\r\n\r\n	//Sprite clipping\r\n	this.cx = 0;\r\n	this.cy = 0;\r\n	this.cwidth = 45;\r\n	this.cheight = 53;\r\n\r\n	this.state = 0;\r\n\r\n	this.draw = function() {\r\n		try {\r\n			if (this.state === 0) this.cy = 445;\r\n			else if (this.state == 1) this.cy = 501;\r\n\r\n			ctx.drawImage(image, this.cx, this.cy, this.cwidth, this.cheight, this.x, this.y, this.width, this.height);\r\n		} catch (e) {}\r\n	};\r\n};\r\n\r\nvar Spring = new spring();\r\n\r\nfunction init() {\r\n	//Variables for the game\r\n	var	dir = "left",\r\n		jumpCount = 0;\r\n	\r\n	firstRun = false;\r\n\r\n	//Function for clearing canvas in each consecutive frame\r\n\r\n	function paintCanvas() {\r\n		ctx.clearRect(0, 0, width, height);\r\n	}\r\n\r\n	//Player related calculations and functions\r\n\r\n	function playerCalc() {\r\n		if (dir == "left") {\r\n			player.dir = "left";\r\n			if (player.vy < -7 && player.vy > -15) player.dir = "left_land";\r\n		} else if (dir == "right") {\r\n			player.dir = "right";\r\n			if (player.vy < -7 && player.vy > -15) player.dir = "right_land";\r\n		}\r\n\r\n		//Adding keyboard controls\r\n		document.onkeydown = function(e) {\r\n			var key = e.keyCode;\r\n			\r\n			if (key == 37) {\r\n				dir = "left";\r\n				player.isMovingLeft = true;\r\n			} else if (key == 39) {\r\n				dir = "right";\r\n				player.isMovingRight = true;\r\n			}\r\n			\r\n			if(key == 32) {\r\n				if(firstRun === true)\r\n					init();\r\n				else \r\n					reset();\r\n			}\r\n		};\r\n\r\n		document.onkeyup = function(e) {\r\n			var key = e.keyCode;\r\n		\r\n			if (key == 37) {\r\n				dir = "left";\r\n				player.isMovingLeft = false;\r\n			} else if (key == 39) {\r\n				dir = "right";\r\n				player.isMovingRight = false;\r\n			}\r\n		};\r\n\r\n		//Accelerations produces when the user hold the keys\r\n		if (player.isMovingLeft === true) {\r\n			player.x += player.vx;\r\n			player.vx -= 0.15;\r\n		} else {\r\n			player.x += player.vx;\r\n			if (player.vx < 0) player.vx += 0.1;\r\n		}\r\n\r\n		if (player.isMovingRight === true) {\r\n			player.x += player.vx;\r\n			player.vx += 0.15;\r\n		} else {\r\n			player.x += player.vx;\r\n			if (player.vx > 0) player.vx -= 0.1;\r\n		}\r\n\r\n		// Speed limits!\r\n		if(player.vx > 8)\r\n			player.vx = 8;\r\n		else if(player.vx < -8)\r\n			player.vx = -8;\r\n\r\n		//console.log(player.vx);\r\n		\r\n		//Jump the player when it hits the base\r\n		if ((player.y + player.height) > base.y && base.y < height) player.jump();\r\n\r\n		//Gameover if it hits the bottom \r\n		if (base.y > height && (player.y + player.height) > height && player.isDead != "lol") player.isDead = true;\r\n\r\n		//Make the player move through walls\r\n		if (player.x > width) player.x = 0 - player.width;\r\n		else if (player.x < 0 - player.width) player.x = width;\r\n\r\n		//Movement of player affected by gravity\r\n		if (player.y >= (height / 2) - (player.height / 2)) {\r\n			player.y += player.vy;\r\n			player.vy += gravity;\r\n		}\r\n\r\n		//When the player reaches half height, move the platforms to create the illusion of scrolling and recreate the platforms that are out of viewport...\r\n		else {\r\n			platforms.forEach(function(p, i) {\r\n\r\n				if (player.vy < 0) {\r\n					p.y -= player.vy;\r\n				}\r\n\r\n				if (p.y > height) {\r\n					platforms[i] = new Platform();\r\n					platforms[i].y = p.y - height;\r\n				}\r\n\r\n			});\r\n\r\n			base.y -= player.vy;\r\n			player.vy += gravity;\r\n\r\n			if (player.vy >= 0) {\r\n				player.y += player.vy;\r\n				player.vy += gravity;\r\n			}\r\n\r\n			score++;\r\n		}\r\n\r\n		//Make the player jump when it collides with platforms\r\n		collides();\r\n\r\n		if (player.isDead === true) gameOver();\r\n	}\r\n\r\n	//Spring algorithms\r\n\r\n	function springCalc() {\r\n		var s = Spring;\r\n		var p = platforms[0];\r\n\r\n		if (p.type == 1 || p.type == 2) {\r\n			s.x = p.x + p.width / 2 - s.width / 2;\r\n			s.y = p.y - p.height - 10;\r\n\r\n			if (s.y > height / 1.1) s.state = 0;\r\n\r\n			s.draw();\r\n		} else {\r\n			s.x = 0 - s.width;\r\n			s.y = 0 - s.height;\r\n		}\r\n	}\r\n\r\n	//Platform''s horizontal movement (and falling) algo\r\n\r\n	function platformCalc() {\r\n		var subs = platform_broken_substitute;\r\n\r\n		platforms.forEach(function(p, i) {\r\n			if (p.type == 2) {\r\n				if (p.x < 0 || p.x + p.width > width) p.vx *= -1;\r\n\r\n				p.x += p.vx;\r\n			}\r\n\r\n			if (p.flag == 1 && subs.appearance === false && jumpCount === 0) {\r\n				subs.x = p.x;\r\n				subs.y = p.y;\r\n				subs.appearance = true;\r\n\r\n				jumpCount++;\r\n			}\r\n\r\n			p.draw();\r\n		});\r\n\r\n		if (subs.appearance === true) {\r\n			subs.draw();\r\n			subs.y += 8;\r\n		}\r\n\r\n		if (subs.y > height) subs.appearance = false;\r\n	}\r\n\r\n	function collides() {\r\n		//Platforms\r\n		platforms.forEach(function(p, i) {\r\n			if (player.vy > 0 && p.state === 0 && (player.x + 15 < p.x + p.width) && (player.x + player.width - 15 > p.x) && (player.y + player.height > p.y) && (player.y + player.height < p.y + p.height)) {\r\n\r\n				if (p.type == 3 && p.flag === 0) {\r\n					p.flag = 1;\r\n					jumpCount = 0;\r\n					return;\r\n				} else if (p.type == 4 && p.state === 0) {\r\n					player.jump();\r\n					p.state = 1;\r\n				} else if (p.flag == 1) return;\r\n				else {\r\n					player.jump();\r\n				}\r\n			}\r\n		});\r\n\r\n		//Springs\r\n		var s = Spring;\r\n		if (player.vy > 0 && (s.state === 0) && \r\n			(player.x + 15 < s.x + s.width) && \r\n				(player.x + player.width - 15 > s.x) && \r\n					(player.y + player.height > s.y) && \r\n						(player.y + player.height < s.y + s.height)) {\r\n			s.state = 1;\r\n			player.jumpHigh();\r\n		}\r\n\r\n	}\r\n\r\n	function updateScore() {\r\n		var scoreText = document.getElementById("score");\r\n		scoreText.innerHTML = score;\r\n	}\r\n\r\n	function gameOver() {\r\n		platforms.forEach(function(p, i) {\r\n			p.y -= 12;\r\n		});\r\n\r\n		if(player.y > height/2 && flag === 0) {\r\n			player.y -= 8;\r\n			player.vy = 0;\r\n		} \r\n		else if(player.y < height / 2) flag = 1;\r\n		else if(player.y + player.height > height) {\r\n			showGoMenu();\r\n			hideScore();\r\n			player.isDead = "lol";\r\n\r\n			var tweet = document.getElementById("tweetBtn");\r\n			tweet.href=''http://twitter.com/share?url=http://is.gd/PnFFzu&text=I just scored '' +score+ '' points in the HTML5 Doodle Jump game!&count=horiztonal&via=cssdeck&related=solitarydesigns'';\r\n		\r\n			var facebook = document.getElementById("fbBtn");\r\n			facebook.href=''http://facebook.com/sharer.php?s=100&p[url]=http://cssdeck.com/labs/html5-doodle-jump/8&p[title]=I just scored '' +score+ '' points in the HTML5 Doodle Jump game!&p[summary]=Can you beat me in this awesome recreation of Doodle Jump created in HTML5?'';\r\n\r\n		}\r\n	}\r\n\r\n	//Function to update everything\r\n\r\n	function update() {\r\n		paintCanvas();\r\n		platformCalc();\r\n\r\n		springCalc();\r\n\r\n		playerCalc();\r\n		player.draw();\r\n\r\n		base.draw();\r\n\r\n		updateScore();\r\n	}\r\n\r\n	menuLoop = function(){return;};\r\n	animloop = function() {\r\n		update();\r\n		requestAnimFrame(animloop);\r\n	};\r\n\r\n	animloop();\r\n\r\n	hideMenu();\r\n	showScore();\r\n}\r\n\r\nfunction reset() {\r\n	hideGoMenu();\r\n	showScore();\r\n	player.isDead = false;\r\n	\r\n	flag = 0;\r\n	position = 0;\r\n	score = 0;\r\n\r\n	base = new Base();\r\n	player = new Player();\r\n	Spring = new spring();\r\n	platform_broken_substitute = new Platform_broken_substitute();\r\n\r\n	platforms = [];\r\n	for (var i = 0; i < platformCount; i++) {\r\n		platforms.push(new Platform());\r\n	}\r\n}\r\n\r\n//Hides the menu\r\nfunction hideMenu() {\r\n	var menu = document.getElementById("mainMenu");\r\n	menu.style.zIndex = -1;\r\n}\r\n\r\n//Shows the game over menu\r\nfunction showGoMenu() {\r\n	var menu = document.getElementById("gameOverMenu");\r\n	menu.style.zIndex = 1;\r\n	menu.style.visibility = "visible";\r\n\r\n	var scoreText = document.getElementById("go_score");\r\n	scoreText.innerHTML = "You scored " + score + " points!";\r\n}\r\n\r\n//Hides the game over menu\r\nfunction hideGoMenu() {\r\n	var menu = document.getElementById("gameOverMenu");\r\n	menu.style.zIndex = -1;\r\n	menu.style.visibility = "hidden";\r\n}\r\n\r\n//Show ScoreBoard\r\nfunction showScore() {\r\n	var menu = document.getElementById("scoreBoard");\r\n	menu.style.zIndex = 1;\r\n}\r\n\r\n//Hide ScoreBoard\r\nfunction hideScore() {\r\n	var menu = document.getElementById("scoreBoard");\r\n	menu.style.zIndex = -1;\r\n}\r\n\r\nfunction playerJump() {\r\n	player.y += player.vy;\r\n	player.vy += gravity;\r\n\r\n	if (player.vy > 0 && \r\n		(player.x + 15 < 260) && \r\n		(player.x + player.width - 15 > 155) && \r\n		(player.y + player.height > 475) && \r\n		(player.y + player.height < 500))\r\n		player.jump();\r\n\r\n	if (dir == "left") {\r\n		player.dir = "left";\r\n		if (player.vy < -7 && player.vy > -15) player.dir = "left_land";\r\n	} else if (dir == "right") {\r\n		player.dir = "right";\r\n		if (player.vy < -7 && player.vy > -15) player.dir = "right_land";\r\n	}\r\n\r\n	//Adding keyboard controls\r\n	document.onkeydown = function(e) {\r\n		var key = e.keyCode;\r\n\r\n		if (key == 37) {\r\n			dir = "left";\r\n			player.isMovingLeft = true;\r\n		} else if (key == 39) {\r\n			dir = "right";\r\n			player.isMovingRight = true;\r\n		}\r\n	\r\n		if(key == 32) {\r\n			if(firstRun === true) {\r\n				init();\r\n				firstRun = false;\r\n			}\r\n			else \r\n				reset();\r\n		}\r\n	};\r\n\r\n	document.onkeyup = function(e) {\r\n		var key = e.keyCode;\r\n\r\n		if (key == 37) {\r\n			dir = "left";\r\n			player.isMovingLeft = false;\r\n		} else if (key == 39) {\r\n			dir = "right";\r\n			player.isMovingRight = false;\r\n		}\r\n	};\r\n\r\n	//Accelerations produces when the user hold the keys\r\n	if (player.isMovingLeft === true) {\r\n		player.x += player.vx;\r\n		player.vx -= 0.15;\r\n	} else {\r\n		player.x += player.vx;\r\n		if (player.vx < 0) player.vx += 0.1;\r\n	}\r\n\r\n	if (player.isMovingRight === true) {\r\n		player.x += player.vx;\r\n		player.vx += 0.15;\r\n	} else {\r\n		player.x += player.vx;\r\n		if (player.vx > 0) player.vx -= 0.1;\r\n	}\r\n\r\n	//Jump the player when it hits the base\r\n	if ((player.y + player.height) > base.y && base.y < height) player.jump();\r\n\r\n	//Make the player move through walls\r\n	if (player.x > width) player.x = 0 - player.width;\r\n	else if (player.x < 0 - player.width) player.x = width;\r\n\r\n	player.draw();\r\n}\r\n\r\nfunction update() {\r\n	ctx.clearRect(0, 0, width, height);\r\n	playerJump();\r\n}		\r\n\r\nmenuLoop = function() {\r\n	update();\r\n	requestAnimFrame(menuLoop);\r\n};\r\n\r\nmenuLoop();', '2013-11-25 07:59:14', 4),
(16, 'Glosy Dropdown', 'Dropdown like glass', '13853630042.png', '<div class="glossy-selectbox">\r\n    <input type="checkbox">\r\n    <label data-default="Share This Post!" data-focus="Select one of the social media service..."></label>\r\n    <ul>\r\n        <li><a class="social-rss" href="#">RSS Feed</a></li>\r\n        <li><a class="social-facebook" href="#">Facebook</a></li>\r\n        <li><a class="social-twitter" href="#">Twitter</a></li>\r\n        <li><a class="social-google" href="#">Google+</a></li>\r\n    </ul>\r\n</div>', '.glossy-selectbox {\r\n  display:inline-block;\r\n  font:normal bold 12px Arial,Sans-Serif;\r\n  position:relative;\r\n  margin:200px 32%;\r\n  width:300px;\r\n  background-color:#111;\r\n  text-align:left;\r\n  /* CSS3 Browser */\r\n  background-image:-webkit-linear-gradient(top,rgba(255,255,255,.4) 0%,rgba(255,255,255,.2) 50%,rgba(255,255,255,0) 50%,rgba(255,255,255,.1) 100%);\r\n  background-image:-moz-linear-gradient(top,rgba(255,255,255,.4) 0%,rgba(255,255,255,.2) 50%,rgba(255,255,255,0) 50%,rgba(255,255,255,.1) 100%);\r\n  background-image:-ms-linear-gradient(top,rgba(255,255,255,.4) 0%,rgba(255,255,255,.2) 50%,rgba(255,255,255,0) 50%,rgba(255,255,255,.1) 100%);\r\n  background-image:-o-linear-gradient(top,rgba(255,255,255,.4) 0%,rgba(255,255,255,.2) 50%,rgba(255,255,255,0) 50%,rgba(255,255,255,.1) 100%);\r\n  background-image:linear-gradient(top,rgba(255,255,255,.4) 0%,rgba(255,255,255,.2) 50%,rgba(255,255,255,0) 50%,rgba(255,255,255,.1) 100%);\r\n  /* IE only */\r\n  filter:progid:DXImageTransform.Microsoft.gradient(gradientType=0,startColorstr=''#333333'',endColorstr=''#111111'');\r\n  -webkit-border-radius:7px;\r\n  -moz-border-radius:7px;\r\n  border-radius:7px;\r\n  -webkit-box-shadow:inset 0 1px 1px 1px rgba(255,255,255,.1),0 1px 3px rgba(0,0,0,.7);\r\n  -moz-box-shadow:inset 0 1px 1px 1px rgba(255,255,255,.1),0 1px 3px rgba(0,0,0,.7);\r\n  box-shadow:inset 0 1px 1px 1px rgba(255,255,255,.1),0 1px 3px rgba(0,0,0,.7);\r\n}\r\n\r\n.glossy-selectbox:before,\r\n.glossy-selectbox:after {\r\n  content:"";\r\n  display:block;\r\n  width:0;\r\n  height:0;\r\n  border:3px solid transparent;\r\n  border-width:5px 3px;\r\n  border-bottom-color:#999;\r\n  position:absolute;\r\n  top:25%;\r\n  right:5px;\r\n  z-index:4;\r\n}\r\n\r\n.glossy-selectbox:after {\r\n  border-color:#999 transparent transparent;\r\n  top:auto;\r\n  bottom:25%;\r\n}\r\n\r\n.glossy-selectbox input {\r\n  display:block;\r\n  position:absolute;\r\n  top:0;\r\n  right:0;\r\n  bottom:0;\r\n  width:15px;\r\n  height:100%;\r\n  opacity:0;\r\n  z-index:10;\r\n  cursor:pointer;\r\n}\r\n\r\n.glossy-selectbox label {\r\n  display:block;\r\n  line-height:45px;\r\n  color:rgba(255,255,255,.5);\r\n  padding:0 15px;\r\n  -webkit-transition:all 0s ease-out;\r\n  -moz-transition:all 0s ease-out;\r\n  -ms-transition:all 0s ease-out;\r\n  -o-transition:all 0s ease-out;\r\n  transition:all 0s ease-out;\r\n}\r\n\r\n.glossy-selectbox label:before {\r\n  content:attr(data-default);\r\n}\r\n\r\n.glossy-selectbox label:after {\r\n  content:"";\r\n  display:block;\r\n  position:absolute;\r\n  top:0;\r\n  right:0;\r\n  bottom:0;\r\n  width:15px;\r\n  border-left:1px solid rgba(0,0,0,.4);\r\n  -webkit-border-radius:0 7px 7px 0;\r\n  -moz-border-radius:0 7px 7px 0;\r\n  border-radius:0 7px 7px 0;\r\n  -webkit-box-shadow:inset 1px 0 0 rgba(255,255,255,.1),-1px 0 0 rgba(255,255,255,.1);\r\n  -moz-box-shadow:inset 1px 0 0 rgba(255,255,255,.1),-1px 0 0 rgba(255,255,255,.1);\r\n  box-shadow:inset 1px 0 0 rgba(255,255,255,.1),-1px 0 0 rgba(255,255,255,.1);\r\n}\r\n\r\n.glossy-selectbox input:hover + label {\r\n  color:white;\r\n}\r\n\r\n.glossy-selectbox input:hover + label:after {\r\n  background-color:rgba(255,255,255,.04);\r\n}\r\n\r\n.glossy-selectbox ul {\r\n  margin:0 0;\r\n  padding:0 0;\r\n  position:absolute;\r\n  top:100%;\r\n  left:14px;\r\n  right:14px;\r\n  background-color:#222;\r\n  border:1px solid #111;\r\n  -webkit-box-shadow:0 1px 2px rgba(0,0,0,.4),0 5px 7px -2px rgba(0,0,0,.4);\r\n  -moz-box-shadow:0 1px 2px rgba(0,0,0,.4),0 5px 7px -2px rgba(0,0,0,.4);\r\n  box-shadow:0 1px 2px rgba(0,0,0,.4),0 5px 7px -2px rgba(0,0,0,.4);\r\n  visibility:hidden;\r\n  opacity:0;\r\n  z-index:99;\r\n}\r\n\r\n.glossy-selectbox li {\r\n  margin:0 0;\r\n  padding:0 0;\r\n  list-style:none;\r\n  float:left;\r\n  width:50%;\r\n  display:inline;\r\n}\r\n\r\n.glossy-selectbox a {\r\n  display:block;\r\n  position:relative;\r\n  color:#999;\r\n  text-decoration:none;\r\n  text-shadow:0 0 2px black;\r\n  line-height:30px;\r\n  border-top:1px solid #111;\r\n  border-right:1px solid #111;\r\n  padding:0 15px 0 32px;\r\n  -webkit-box-shadow:inset 0 0 0 1px #333;\r\n  -moz-box-shadow:inset 0 0 0 1px #333;\r\n  box-shadow:inset 0 0 0 1px #333;\r\n  /* Opera note: An unstable box shadow will appear if you don''t define the border radius less than 1 pixel. Weird! */\r\n  -webkit-border-radius:1px;\r\n  -moz-border-radius:1px;\r\n  border-radius:1px;\r\n}\r\n\r\n.glossy-selectbox a:nth-child(even) {\r\n  border-right-width:0;\r\n}\r\n\r\n.glossy-selectbox a:before {\r\n  content:"";\r\n  display:block;\r\n  width:16px;\r\n  height:16px;\r\n  position:absolute;\r\n  top:7px;\r\n  left:7px;\r\n  background-color:transparent;\r\n  background-repeat:no-repeat;\r\n  background-position:50% 0;\r\n}\r\n\r\n.glossy-selectbox a:hover:before {\r\n  background-position:50% 100%;\r\n}\r\n\r\n.glossy-selectbox .social-rss:before      {background-image:url(''img/social_rss.png'');}\r\n.glossy-selectbox .social-facebook:before {background-image:url(''img/social_facebook.png'');}\r\n.glossy-selectbox .social-twitter:before  {background-image:url(''img/social_twitter.png'');}\r\n.glossy-selectbox .social-google:before   {background-image:url(''img/social_google.png'');}\r\n\r\n.glossy-selectbox a:hover {\r\n  background-color:rgba(0,0,0,.2);\r\n  color:#ccc;\r\n}\r\n\r\n/* On click, then... */\r\n.glossy-selectbox input:checked + label {\r\n  color:rgba(255,255,255,.4);\r\n  -webkit-transition-duration:.4s;\r\n  -moz-transition-duration:.4s;\r\n  -ms-transition-duration:.4s;\r\n  -o-transition-duration:.4s;\r\n  transition-duration:.4s;\r\n}\r\n\r\n.glossy-selectbox input:checked + label:before {\r\n  content:attr(data-focus);\r\n}\r\n\r\n.glossy-selectbox input:checked + label:after {\r\n  background-color:rgba(0,0,0,.2);\r\n  -webkit-box-shadow:inset 1px 0 1px rgba(0,0,0,.4),-1px 0 0 rgba(255,255,255,.1);\r\n  -moz-box-shadow:inset 1px 0 1px rgba(0,0,0,.4),-1px 0 0 rgba(255,255,255,.1);\r\n  box-shadow:inset 1px 0 1px rgba(0,0,0,.4),-1px 0 0 rgba(255,255,255,.1);\r\n}\r\n\r\n.glossy-selectbox input:checked ~ ul {\r\n  visibility:visible;\r\n  opacity:1;\r\n}', '', '2013-11-25 08:03:24', 4),
(17, 'Clock', 'Clock dengan HTMl5 CSS3 dan JavaScript untuk waktu ', '1385362958clock.png', '<!doctype html>\r\n<html lang="en">\r\n<head>\r\n	<meta charset="UTF-8">\r\n	<title>Clock App Icon</title>\r\n\r\n	<link rel="stylesheet" href="http://fonts.googleapis.com/css?family=Droid+Sans:400,700">\r\n\r\n</head>\r\n<body>\r\n\r\n	<div class="container">\r\n\r\n		<div class="app">\r\n\r\n			<div class="clock">\r\n\r\n				<div class="clock-inner">\r\n\r\n					<div class="clock-center"></div>\r\n					<div id="clock-seconds"></div>\r\n					<div id="clock-minutes"></div>\r\n					<div id="clock-hours"></div>\r\n\r\n					<ul class="clock-numbers">\r\n\r\n						<li>12</li>\r\n						<li>3</li>\r\n						<li>6</li>\r\n						<li>9</li>\r\n\r\n					</ul>\r\n\r\n				</div> <!-- end clock-inner -->\r\n\r\n			</div> <!-- end clock -->\r\n\r\n			<p class="app-title">Clock</p>\r\n\r\n		</div> <!-- end app -->\r\n\r\n	</div> <!-- end container -->\r\n	\r\n</body>\r\n</html>', 'body {\r\n	background: #282e3a;\r\n	color: #f9f9f9;\r\n	font: 100%/1.5em "Droid Sans", sans-serif;\r\n	margin: 0;\r\n}\r\n\r\np { margin: 0; }\r\n\r\nul {\r\n	list-style: none;\r\n	margin: 0;\r\n	padding: 0;\r\n}\r\n\r\n/* ---------- GENERAL-CLASSES ---------- */\r\n\r\n.container {\r\n	height: 228px;\r\n	left: 50%;\r\n	margin: -124px 0 0 -100px;\r\n	position: relative;\r\n	top: 50%;\r\n	width: 200px;\r\n}\r\n\r\n/* ---------- APP ---------- */\r\n\r\n.app {\r\n	text-align: center;\r\n}\r\n\r\n.app-title {\r\n	font-size: 24px;\r\n	font-weight: bold;\r\n	text-shadow: 0 5px #15181f;\r\n}\r\n\r\n.clock {\r\n	background: #1a1d24;\r\n	border-radius: 35px;\r\n	-webkit-box-shadow: 0 8px 0 #15181f;\r\n	box-shadow: 0 8px 0 #15181f;\r\n	height: 200px;\r\n	margin-bottom: 24px;\r\n	position: relative;\r\n	width: 200px;\r\n}\r\n\r\n.clock-inner {\r\n	background: #f9f9f9;\r\n	border-radius: 50%;\r\n	height: 160px;\r\n	left: 50%;\r\n	margin: -80px 0 0 -80px;\r\n	position: absolute;\r\n	top: 50%;\r\n	width: 160px;\r\n}\r\n\r\n.clock-center,\r\n#clock-seconds,\r\n#clock-minutes,\r\n#clock-hours {\r\n	left: 50%;\r\n	position: absolute;\r\n	top: 50%;\r\n}\r\n\r\n.clock-center {\r\n	background: #1a1d24;\r\n	border-radius: 50%;\r\n	height: 12px;\r\n	margin: -6px 0 0 -6px;\r\n	width: 12px;\r\n	z-index: 4;\r\n}\r\n\r\n#clock-seconds {\r\n	background: #c40206;\r\n	border-radius: 2px;\r\n	height: 60px;\r\n	margin: -60px 0 0 -1px;\r\n	-webkit-transform-origin: 1px 60px;\r\n	-moz-transform-origin: 1px 60px;\r\n	-ms-transform-origin: 1px 60px;\r\n	-o-transform-origin: 1px 60px;\r\n	transform-origin: 1px 60px;\r\n	-webkit-transform: rotate(0deg);\r\n	-moz-transform: rotate(0deg);\r\n	-ms-transform: rotate(0deg);\r\n	-o-transform: rotate(0deg);\r\n	transform: rotate(0deg);\r\n	width: 2px;\r\n  z-index: 3;\r\n}\r\n\r\n#clock-minutes {\r\n	background: #aaa;\r\n	border-radius: 4px;\r\n	height: 50px;\r\n	margin: -50px 0 0 -2px;\r\n	-webkit-transform-origin: 2px 50px;\r\n	-moz-transform-origin: 2px 50px;\r\n	-ms-transform-origin: 2px 50px;\r\n	-o-transform-origin: 2px 50px;\r\n	transform-origin: 2px 50px;\r\n	-webkit-transform: rotate(0deg);\r\n	-moz-transform: rotate(0deg);\r\n	-ms-transform: rotate(0deg);\r\n	-o-transform: rotate(0deg);\r\n	transform: rotate(0deg);\r\n	width: 4px;\r\n  z-index: 2;\r\n}\r\n\r\n#clock-hours {\r\n	background: #1a1d24;\r\n	border-radius: 4px;\r\n	height: 40px;\r\n	margin: -40px 0 0 -2px;\r\n	-webkit-transform-origin: 2px 40px;\r\n	-moz-transform-origin: 2px 40px;\r\n	-ms-transform-origin: 2px 40px;\r\n	-o-transform-origin: 2px 40px;\r\n	transform-origin: 2px 40px;\r\n	-webkit-transform: rotate(0deg);\r\n	-moz-transform: rotate(0deg);\r\n	-ms-transform: rotate(0deg);\r\n	-o-transform: rotate(0deg);\r\n	transform: rotate(0deg);\r\n	width: 4px;\r\n  z-index: 1;\r\n}\r\n\r\n.clock-numbers {\r\n	color: #888;\r\n	display: block;\r\n	font-size: 16px;\r\n	font-weight: bold;\r\n	height: 120px;\r\n	margin: -60px 0 0 -60px;\r\n	left: 50%;\r\n	position: absolute;\r\n	top: 50%;\r\n	width: 120px;\r\n}\r\n\r\n.clock-numbers li {\r\n	height: 20px;\r\n	line-height: 20px;\r\n	margin: -10px;\r\n	position: absolute;\r\n	text-align: center;\r\n	width: 20px;\r\n}\r\n\r\n.clock-numbers li:nth-child(1) {\r\n	left: 50%;\r\n	top: 0;\r\n}\r\n\r\n.clock-numbers li:nth-child(2) {\r\n	right: 0;\r\n	top: 50%;\r\n}\r\n\r\n.clock-numbers li:nth-child(3) {\r\n	bottom: 0;\r\n	left: 50%;\r\n}\r\n\r\n.clock-numbers li:nth-child(4) {\r\n	left: 0;\r\n	top: 50%;\r\n}', '(function() {\r\n\r\n	var clockSeconds = document.getElementById(''clock-seconds''),\r\n	clockMinutes = document.getElementById(''clock-minutes''),\r\n	clockHours = document.getElementById(''clock-hours'');\r\n\r\n	function getTime() {\r\n\r\n		var date = new Date(),\r\n		seconds = date.getSeconds(),\r\n		minutes = date.getMinutes(),\r\n		hours = date.getHours(),\r\n\r\n		degSeconds = seconds * 360 / 60,\r\n		degMinutes = (minutes + seconds / 60) * 360 / 60,\r\n		degHours = (hours + minutes / 60 + seconds / 60 / 60) * 360 / 12;\r\n\r\n		clockSeconds.setAttribute(''style'', ''-webkit-transform: rotate('' + degSeconds + ''deg); -moz-transform: rotate('' + degSeconds + ''deg); -ms-transform: rotate('' + degSeconds + ''deg); -o-transform: rotate('' + degSeconds + ''deg); transform: rotate('' + degSeconds + ''deg);'');\r\n		clockMinutes.setAttribute(''style'', ''-webkit-transform: rotate('' + degMinutes + ''deg); -moz-transform: rotate('' + degMinutes + ''deg); -ms-transform: rotate('' + degMinutes + ''deg); -o-transform: rotate('' + degMinutes + ''deg); transform: rotate('' + degMinutes + ''deg);'');\r\n		clockHours.setAttribute(''style'', ''-webkit-transform: rotate('' + degHours + ''deg); -moz-transform: rotate('' + degHours + ''deg); -ms-transform: rotate('' + degHours + ''deg); -o-transform: rotate('' + degHours + ''deg); transform: rotate('' + degHours + ''deg);'');\r\n	}\r\n\r\n	setInterval(getTime, 1000);\r\n	getTime();\r\n\r\n} ());', '2013-11-25 08:02:38', 4),
(18, 'Dash Kiwing', 'Dash Kiwing adalah dash kiwing', 'default.jpg', 'hello word', '', '', '2013-11-25 14:43:56', 5),
(19, 'Sejajarkan DIv', 'Belajar div Float', '1385427260Calligraphy-Arab-Lafadz-Allah.jpg', '<div class=''menukiri''>\r\n</div>\r\n<div class=''menukanan''>\r\n</div>\r\n<div class=''center''>\r\n</div>', '.menukiri{\r\n  background:red;\r\n  width:300px;\r\n  height:300px;\r\n  float:left;\r\n}\r\n.menukanan{\r\n  margin-left:20px;\r\n  background:blue;\r\n  width:400px;\r\n  height:300px;\r\n  float:left;\r\n}\r\n.center{\r\n  clear:both;\r\n  width:20px;\r\n  height:300px;\r\n  background:green;\r\n}', '', '2013-11-26 01:54:20', 6),
(20, 'Event Hover DIv', 'Karya Faisal', '1385538838Damn-sooo-beautiful-luv-it-allah-32623603-640-381.jpg', '<div class=''sentuh''>\r\n  \r\n</div>', '.sentuh{\r\n width:200px;\r\n  height:200px;\r\n  background:green;\r\n  -webkit-transition:2s;\r\n}\r\n.sentuh:hover{\r\n  margin-left:300px;\r\n  background:blue;\r\n}\r\n.sentuh:active{\r\n  border-radius:100%;\r\n  margin-top:300px;\r\n  background:red;\r\n}', '', '2013-11-27 08:53:58', 8),
(21, 'belajar Label', 'Tentang label dan input', 'default.jpg', '\r\n<label for=''text1''>Hello</label><br><br>\r\n<input type=''checkbox'' id=''text1'' />\r\n<div>\r\n  \r\n</div>', 'div{\r\n width:200px;\r\n  height:200px;\r\n  background:green;\r\n  -webkit-transition:2s;\r\n}\r\ninput[type=''checkbox'']{\r\n visibility:hidden;\r\n  position:absolute;\r\n}\r\n#text1:checked ~ div{\r\n 	 margin-left:500px;\r\n  background:blue;\r\n  -webkit-transform:rotate(2080deg);\r\n}', '', '2013-11-28 01:02:21', 9),
(23, 'jquery collapsible', 'jquery collapsible\r\n', 'default.jpg', '<script src=''http://jordnkr.github.io/collapsible/jquery-1.9.1.js''></script>\r\n<script src=''http://jordnkr.github.io/collapsible/jquery.collapsible.min.js''></script>\r\n<div id="first">\r\n  <h1>First Heading</h1>\r\n  <div>\r\n    <p>First Section Content</p>\r\n  </div>\r\n  <h2>Second Heading</h2>\r\n  <div>\r\n    <p>Second Section Content</p>\r\n  </div>\r\n</div>', '', '$(''#first'').collapsible(''accordion-open'', {\r\n  contentOpen: 1\r\n});\r\n$(''#second'').collapsible(''accordion'', {\r\n  animate: false\r\n});\r\n$(''#third'').collapsible(''accordion'');\r\n$(''#fourth'').collapsible(''default-open'');\r\n$(''#fifth'').collapsible({\r\n  animate: false\r\n});\r\n$(''#sixth'').collapsible();', '2013-11-28 15:08:49', 10);

-- --------------------------------------------------------

--
-- Table structure for table `komentar`
--

CREATE TABLE IF NOT EXISTS `komentar` (
  `id_komentar` int(11) NOT NULL AUTO_INCREMENT,
  `id_target` int(11) NOT NULL,
  `id_user` int(11) NOT NULL,
  `komentar` text NOT NULL,
  `date` datetime NOT NULL,
  `komentar_role` varchar(30) NOT NULL,
  PRIMARY KEY (`id_komentar`)
) ENGINE=InnoDB  DEFAULT CHARSET=latin1 AUTO_INCREMENT=8 ;

--
-- Dumping data for table `komentar`
--

INSERT INTO `komentar` (`id_komentar`, `id_target`, `id_user`, `komentar`, `date`, `komentar_role`) VALUES
(4, 1, 6, 'Hello Juga kk Rochim,.!! :)', '2013-11-26 15:53:38', 'user'),
(5, 1, 7, 'Napa Him,...!!!', '2013-11-27 08:26:41', 'user'),
(6, 1, 8, 'Kakak ajarin website dong buat project', '2013-11-27 08:53:00', 'user'),
(7, 1, 1, 'Iya faisal ajarin website nanti sore,.!!<br>tentang apa ya yang kamu gk bisa,..!!', '2013-11-27 10:25:24', 'user');

-- --------------------------------------------------------

--
-- Table structure for table `user`
--

CREATE TABLE IF NOT EXISTS `user` (
  `id_user` int(11) NOT NULL AUTO_INCREMENT,
  `user` varchar(30) NOT NULL,
  `pass` varchar(100) NOT NULL,
  `nama` varchar(30) NOT NULL,
  `sampul` varchar(100) NOT NULL,
  `foto` varchar(100) NOT NULL,
  `kelas` varchar(10) NOT NULL,
  `tentang` text NOT NULL,
  `pertanyaan` varchar(200) NOT NULL,
  `jawaban` varchar(100) NOT NULL,
  `role` varchar(20) NOT NULL,
  PRIMARY KEY (`id_user`)
) ENGINE=InnoDB  DEFAULT CHARSET=latin1 AUTO_INCREMENT=11 ;

--
-- Dumping data for table `user`
--

INSERT INTO `user` (`id_user`, `user`, `pass`, `nama`, `sampul`, `foto`, `kelas`, `tentang`, `pertanyaan`, `jawaban`, `role`) VALUES
(1, '1101.eiji', '14d60b9d8c3c46e1451e186ede16ec54bfe7eee0', 'Rochim Eiji', '1385623373islamic-wallpaper-allah-3x.jpg', '1385692734_Calligraphy-Arab-Lafadz-Allah.jpg', 'XII', 'Saya suka dengan website.', 'makanan favorit saya?', 'kangkung', 'user'),
(2, 'admin', 'd033e22ae348aeb5660fc2140aec35850c4da997', 'Admin EIJI', '', 'default.png', 'XII', 'Saya yang mengembangkan website ini,.!! ^-^', 'siapa admin website ini?', 'zainu rochim', 'admin'),
(4, '1101.fadli', '40bd001563085fc35165329ea1ff5c5ecbdbbeef', 'Fadli Agriawan', '', 'default.png', 'XII', 'Saya suka pelajaran website', 'hewan peliharaan?', 'kucing', 'user'),
(5, '1101.hadi', '40bd001563085fc35165329ea1ff5c5ecbdbbeef', 'Hadi Ubaudillah', '', '1385386971_royyah-liwa art jawara web id.jpg', 'XII', 'Hadi Pene Tester', 'nama lain saya,..?', 'dash kiwing', 'user'),
(6, '1301.indrawan', '40bd001563085fc35165329ea1ff5c5ecbdbbeef', 'Muhammad Indrawan', '', '1385427216_Futuhat Fighters.jpg', 'X', 'Indrawan suka web', 'Assalamualaikum', 'Waalikumsallam', 'user'),
(7, '1101.fauzi', '40bd001563085fc35165329ea1ff5c5ecbdbbeef', 'Fauzi Fathurrahman', '', '1385537110_shizuka band animation.gif', 'XII', 'Fauzi Senang chucky', 'Nama Rompi saya apa,..?', 'Chucky', 'user'),
(8, '1301.faisal', '40bd001563085fc35165329ea1ff5c5ecbdbbeef', 'Faisal Jamaludin Kahfi', '', '1385538730_islamic-wallpaper-allah-3x.jpg', 'X', 'Saya suka website,..', 'hewan yang saya suka,.?', 'kucing', 'user'),
(9, '1201.taufik.h', '40bd001563085fc35165329ea1ff5c5ecbdbbeef', 'Taufik Hidayat', '', '1385596916_my brothers jawara.png', 'XI', 'Senang di web', 'abcd', 'e', 'user'),
(10, '1101.raka', '40bd001563085fc35165329ea1ff5c5ecbdbbeef', 'raka pradika', '', '1385647657_kupu_kupu_by_poogi.jpg', 'XII', 'Lagi ngerjain projectwork sport goal', 'nama websitenya,..?', 'sport goal', 'user');

/*!40101 SET CHARACTER_SET_CLIENT=@OLD_CHARACTER_SET_CLIENT */;
/*!40101 SET CHARACTER_SET_RESULTS=@OLD_CHARACTER_SET_RESULTS */;
/*!40101 SET COLLATION_CONNECTION=@OLD_COLLATION_CONNECTION */;
